,"('CO', 'CO')","('NO2', 'NO2')","('O3', 'O3')","('SO2', 'SO2')"
2023-01-01,179.54135,16.029367,39.57834,6.5857706
2023-01-02,169.26823,20.648178,44.812057,7.506959
2023-01-03,177.08429,16.97071,38.197033,6.706106
2023-01-04,186.42943,20.639622,24.018997,7.6045322
2023-01-05,169.61143,8.433432,38.931293,4.098499
2023-01-06,165.6099,14.227278,46.58569,4.059755
2023-01-07,163.53017,11.232763,53.24902,2.04252
2023-01-08,173.84865,9.915419,41.02701,3.501805
2023-01-09,185.45538,13.071227,30.529392,3.5902085
2023-01-10,171.80646,11.310752,42.570236,4.1002655
2023-01-11,171.38255,8.599863,42.26989,4.310376
2023-01-12,172.2673,9.105287,41.970955,4.2685924
2023-01-13,186.9616,11.648169,36.095547,5.222617
2023-01-14,189.97794,11.918436,35.616432,5.1817465
2023-01-15,168.03038,7.780612,52.494026,3.7633007
2023-01-16,170.58417,8.380891,52.696655,4.081558
2023-01-17,186.94643,12.326633,35.990093,5.392343
2023-01-18,191.7736,13.617577,45.670204,5.769475
2023-01-19,186.06386,11.589019,50.0473,4.864553
2023-01-20,201.45102,24.12889,29.482008,7.3538957
2023-01-21,181.36049,10.076813,47.29132,3.102122
2023-01-22,183.03323,12.687119,43.715004,4.1031938
2023-01-23,198.71625,17.627943,33.20807,7.785411
2023-01-24,188.33778,7.4299145,57.954098,4.8117504
2023-01-25,191.24768,7.3768816,51.87645,4.5412903
2023-01-26,197.6135,15.879406,37.235966,7.058654
2023-01-27,186.94109,24.634598,26.224596,7.6612196
2023-01-28,183.57257,12.977122,46.870567,6.618429
2023-01-29,184.90376,10.548741,58.326504,6.021122
2023-01-30,178.48813,8.361068,54.443283,4.035409
2023-01-31,168.1401,11.776169,54.61411,5.799216
2023-02-01,203.55228,24.592747,38.000843,10.076418
2023-02-02,216.53365,26.691021,30.553457,11.025239
2023-02-03,244.31151,30.724133,9.948388,12.454985
2023-02-04,200.02753,13.542867,35.035297,5.1924644
2023-02-05,176.82776,9.804921,55.235313,4.0596
2023-02-06,193.57635,19.28075,40.529663,6.717802
2023-02-07,175.09998,10.667743,57.879128,4.4347615
2023-02-08,187.36209,6.66353,62.813515,4.077113
2023-02-09,194.2422,6.1989737,65.79859,3.587589
2023-02-10,174.0455,6.870825,75.86624,3.5739064
2023-02-11,181.54387,18.843578,58.708263,7.4403024
2023-02-12,176.73814,12.8362,61.298595,5.5665045
2023-02-13,155.57166,10.372154,69.930214,4.835446
2023-02-14,156.22266,8.735918,71.1849,3.5108569
2023-02-15,201.12238,20.888506,38.360416,6.3594337
2023-02-16,194.6282,15.111331,42.035645,4.973092
2023-02-17,170.89713,9.416878,49.619835,3.7502177
2023-02-18,182.62466,8.162172,51.93657,3.461924
2023-02-19,197.51917,15.573359,41.363472,5.702044
2023-02-20,217.40094,22.273596,30.659412,8.017008
2023-02-21,207.91013,12.800199,42.343502,5.7481976
2023-02-22,200.16798,14.919262,50.87242,6.712538
2023-02-23,211.29187,15.771665,58.30877,6.6285086
2023-02-24,285.32117,25.240173,33.171684,12.7345705
2023-02-25,243.30632,22.268147,33.74176,9.676567
2023-02-26,186.45235,8.186258,57.021347,4.012164
2023-02-27,185.94168,12.434353,64.21988,6.1002455
2023-02-28,148.57083,8.390449,90.69793,4.3215423
2023-03-01,155.37654,12.900262,85.15783,5.562946
2023-03-02,166.99387,18.147615,72.45818,8.038628
2023-03-03,173.61194,22.057549,63.58387,9.788026
2023-03-04,178.94109,21.909546,57.4446,9.461336
2023-03-05,243.39801,37.662083,30.945753,17.988796
2023-03-06,270.05432,37.850708,38.595345,19.240149
2023-03-07,310.00763,43.214302,26.646156,18.590912
2023-03-08,187.54059,15.937332,69.40478,7.93346
2023-03-09,205.5051,24.147058,47.534863,11.892689
2023-03-10,229.19499,38.913902,40.3927,14.244583
2023-03-11,192.27232,17.829863,58.19392,7.04364
2023-03-12,193.00407,16.992723,64.41535,9.110782
2023-03-13,176.29764,12.371993,91.20379,7.1843204
2023-03-14,165.61365,7.1781855,74.023445,2.858225
2023-03-15,181.40115,10.387032,72.79421,5.5565453
2023-03-16,183.05566,13.461276,81.63959,7.5916047
2023-03-17,170.48659,10.369198,92.47612,3.5784621
2023-03-18,164.94589,7.822241,92.788864,2.838652
2023-03-19,188.96252,12.443652,66.04234,6.148947
2023-03-20,253.6619,19.51392,44.963238,11.267323
2023-03-21,217.46967,22.747751,56.284954,10.112303
2023-03-22,190.98015,13.625803,73.82109,7.5073986
2023-03-23,178.7,9.596797,69.19274,4.8113947
2023-03-24,228.59874,29.189709,50.92182,13.669589
2023-03-25,176.05457,14.051456,69.663605,6.777789
2023-03-26,201.39268,23.727264,50.592136,10.325579
2023-03-27,182.67273,17.456667,52.361317,7.400793
2023-03-28,212.67613,27.020588,42.84035,13.747698
2023-03-29,184.0828,17.900812,51.723724,7.6533995
2023-03-30,195.15393,20.403446,67.58072,9.60595
2023-03-31,207.30096,22.504951,52.267727,10.817812
2023-04-01,185.88623,14.838556,60.99742,7.4218717
2023-04-02,175.42523,11.380022,76.91635,5.822159
2023-04-03,158.43561,4.946934,93.083275,2.9652827
2023-04-04,167.83842,9.402434,75.204445,5.2844133
2023-04-05,173.7547,7.7989697,54.448437,4.0376773
2023-04-06,162.5818,4.76742,71.145096,2.7102342
2023-04-07,145.11453,5.8499546,89.47992,2.4036582
2023-04-08,145.91702,9.096369,91.94893,2.6710346
2023-04-09,154.93254,7.082469,92.22774,3.3871725
2023-04-10,158.30531,6.5113273,90.13066,3.5066009
2023-04-11,163.58882,9.92183,87.84862,3.9217792
2023-04-12,185.08917,18.440006,82.04874,5.8967776
2023-04-13,149.82874,4.60828,86.84102,2.6977344
2023-04-14,178.97394,3.6121714,93.553734,2.2637124
2023-04-15,183.06256,4.3752007,89.308014,2.678868
2023-04-16,177.8737,6.0127516,83.28402,3.8205464
2023-04-17,253.66566,11.31399,94.28025,4.336763
2023-04-18,184.74426,9.065103,94.634094,3.2798014
2023-04-19,207.18637,5.0402246,85.57555,3.0461318
2023-04-20,162.73627,9.7254715,91.543686,3.9469876
2023-04-21,161.48318,14.499681,65.289536,7.583525
2023-04-22,173.16565,20.287285,59.9537,10.462708
2023-04-23,194.2026,24.910717,68.71645,14.09384
2023-04-24,303.17413,19.456413,72.47452,11.746534
2023-04-25,303.17517,22.003073,73.99702,12.532621
2023-04-26,240.59221,28.333439,63.1772,14.615439
2023-04-27,259.92923,23.732853,62.054955,15.134205
2023-04-28,161.2233,10.137764,94.30523,6.6233773
2023-04-29,158.64662,10.172199,87.554634,6.941393
2023-04-30,163.01744,10.110786,85.90777,6.00787
2023-05-01,156.78572,12.292558,89.260185,7.915536
2023-05-02,161.23096,6.826792,95.892136,4.8644605
2023-05-03,147.33287,6.245511,97.18917,3.9438806
2023-05-04,152.31021,8.325746,95.54797,6.03045
2023-05-05,145.13689,6.6261187,93.10218,4.4614325
2023-05-06,143.69408,7.043578,101.89208,3.9968092
2023-05-07,147.36757,9.708615,104.1592,4.4072504
2023-05-08,149.11035,4.0991855,115.816475,4.102404
2023-05-09,156.2286,4.7687755,121.88574,4.2990217
2023-05-10,158.423,5.2539487,123.78223,4.2311354
2023-05-11,155.23848,8.232377,119.03278,4.0646095
2023-05-12,157.36914,11.405184,108.40183,5.557912
2023-05-13,161.1187,9.3510895,98.4726,6.858057
2023-05-14,130.49414,5.3509426,91.466606,3.3042226
2023-05-15,135.94884,5.5102596,90.26309,2.8062139
2023-05-16,144.84941,5.8395185,86.726746,3.7205021
2023-05-17,150.5814,5.95445,87.63803,3.811831
2023-05-18,133.3579,5.567178,94.63889,4.613698
2023-05-19,135.34373,5.765257,95.66647,3.6420147
2023-05-20,147.19359,5.087004,107.49873,3.0877635
2023-05-21,148.52522,5.8487325,102.462845,2.916844
2023-05-22,153.63022,6.6781807,88.927086,3.7631993
2023-05-23,154.7177,5.993058,85.729485,3.8599777
2023-05-24,158.24806,7.8945866,94.40108,3.9500558
2023-05-25,175.41527,11.834514,89.19816,8.025373
2023-05-26,151.85216,9.8297,86.6552,6.676464
2023-05-27,135.74205,7.6476774,91.22304,4.7467265
2023-05-28,138.31091,7.478566,96.39025,5.208358
2023-05-29,145.56805,7.8458834,90.35585,5.9629354
2023-05-30,136.84515,8.836347,94.77606,5.7950897
2023-05-31,149.24437,11.607838,86.04023,7.926687
2023-06-01,134.78972,11.441252,81.84946,7.068513
2023-06-02,124.61416,7.854825,91.10646,5.043432
2023-06-03,132.32114,11.447351,83.84275,6.8414555
2023-06-04,144.60812,7.46185,81.05072,5.7704105
2023-06-05,141.84203,8.179195,77.551735,5.896249
2023-06-06,138.09085,6.9176674,87.65431,5.223816
2023-06-07,139.15942,7.681441,84.3958,4.747881
2023-06-08,142.35257,7.789422,92.47943,5.2760444
2023-06-09,131.93031,6.2995944,88.66213,3.2282329
2023-06-10,124.98833,4.0549016,88.37637,2.4675312
2023-06-11,128.1623,3.420804,101.97411,2.3100615
2023-06-12,132.97238,3.1393504,112.86699,2.8982232
2023-06-13,146.19508,5.0358043,99.767365,3.2590308
2023-06-14,163.38167,7.551759,103.917015,6.116481
2023-06-15,170.62978,6.9929447,106.62425,4.5948834
2023-06-16,183.07901,8.339718,102.73472,5.5831175
2023-06-17,183.00575,8.467009,73.14255,5.6083364
2023-06-18,142.95172,4.285506,79.58305,2.8259225
2023-06-19,145.67923,5.7231436,89.96432,3.6830711
2023-06-20,155.91864,13.597246,91.82857,6.8880396
2023-06-21,151.28687,7.03271,84.93644,4.653174
2023-06-22,176.29506,11.867578,80.586296,7.7761602
2023-06-23,186.24496,16.064352,83.93628,9.134357
2023-06-24,182.1449,16.959505,84.560715,10.142065
2023-06-25,167.85289,14.7577915,84.42701,8.781397
2023-06-26,168.82126,10.444847,81.015175,5.421013
2023-06-27,176.31314,13.415573,79.83729,6.7498436
2023-06-28,197.6484,22.304697,64.93069,11.459635
2023-06-29,202.93863,26.364767,59.110847,14.093049
2023-06-30,250.7486,28.642353,65.418755,18.436459
2023-07-01,198.58928,19.433815,78.394,12.735115
2023-07-02,151.09769,6.539612,83.74548,4.7088857
2023-07-03,153.0691,4.272354,82.84625,3.2346463
2023-07-04,135.89403,3.8103352,83.41886,2.9257443
2023-07-05,136.61961,4.064093,81.8344,3.3022044
2023-07-06,141.34496,6.7084303,79.98741,5.2213216
2023-07-07,169.50151,14.554579,69.9825,8.245457
2023-07-08,141.11072,9.179825,79.87674,6.9234524
2023-07-09,147.69513,11.075639,64.90335,6.9287376
2023-07-10,122.68646,5.552082,69.27009,3.3360362
2023-07-11,127.465866,8.894524,65.434814,4.0063906
2023-07-12,148.62299,18.440878,59.81299,9.528008
2023-07-13,167.6165,20.329548,66.094475,13.224367
2023-07-14,160.22327,18.283579,76.85452,9.916178
2023-07-15,145.68703,10.334026,81.68509,7.3778057
2023-07-16,154.66612,10.379726,84.71763,7.7086935
2023-07-17,158.65263,8.744396,76.22798,5.9808455
2023-07-18,171.82439,14.513797,64.52305,9.091747
2023-07-19,137.02634,9.199822,78.4212,6.286342
2023-07-20,142.4776,7.9399033,77.931526,6.106225
2023-07-21,139.73724,6.670053,76.94521,5.209553
2023-07-22,146.95335,6.815502,79.80083,5.277713
2023-07-23,156.5469,8.80246,77.04155,6.795671
2023-07-24,145.47916,9.186256,76.96637,6.632987
2023-07-25,173.52184,12.929041,63.349846,7.7799716
2023-07-26,203.80794,16.36677,58.77746,8.088774
2023-07-27,209.25336,23.540886,62.34899,13.147596
2023-07-28,194.43839,21.857683,59.105244,10.020173
2023-07-29,172.8681,7.4001846,76.18309,5.2092543
2023-07-30,187.5011,14.125112,69.74758,9.868116
2023-07-31,211.18805,21.378302,56.78611,10.241158
2023-08-01,204.6815,17.592518,59.63598,9.58543
2023-08-02,181.79617,9.836126,66.72423,5.3173113
2023-08-03,186.75546,12.021387,65.70817,5.9261656
2023-08-04,177.81473,7.193685,74.91232,4.4206796
2023-08-05,167.98083,5.7700043,84.54117,3.7251725
2023-08-06,183.16473,10.12043,69.06061,4.3157625
2023-08-07,175.76653,6.0513134,93.27538,3.998421
2023-08-08,163.02783,6.88226,84.29256,4.0540338
2023-08-09,170.54515,11.869129,69.55252,6.474832
2023-08-10,165.76111,7.879513,81.711815,4.3624363
2023-08-11,168.02264,6.5543246,76.865326,2.9221034
2023-08-12,185.1658,10.6367035,78.1446,4.6870575
2023-08-13,195.6172,16.438152,61.99758,6.60471
2023-08-14,161.31343,9.412428,81.91792,5.278696
2023-08-15,150.10747,6.378434,88.181,4.6031866
2023-08-16,167.32013,4.751815,84.90183,2.9847622
2023-08-17,171.33807,8.673069,86.25615,4.414035
2023-08-18,147.5476,6.2136917,73.68249,2.8473487
2023-08-19,152.26588,5.9892387,63.60658,2.3985531
2023-08-20,158.64449,6.1224575,67.177,2.8773158
2023-08-21,167.45082,8.438732,70.01617,3.5464725
2023-08-22,207.44937,25.711874,46.138775,9.680644
2023-08-23,200.90276,18.682405,51.881306,8.892681
2023-08-24,180.9321,17.569473,47.33424,6.386759
2023-08-25,198.9588,16.26796,52.50728,7.4755325
2023-08-26,190.25345,13.835826,54.056812,5.916928
2023-08-27,180.79356,15.107593,51.118374,6.2123413
2023-08-28,172.99695,10.713591,58.254993,4.823447
2023-08-29,163.97723,9.134929,77.05843,4.927887
2023-08-30,177.81943,14.647352,61.973965,5.921343
2023-08-31,180.13896,11.90373,70.5039,6.1880918
2023-09-01,186.10052,13.902212,65.99379,7.177937
2023-09-02,203.81215,14.482286,67.97224,6.517381
2023-09-03,193.12244,10.695384,69.49304,5.8582087
2023-09-04,194.161,8.933155,69.11448,6.4341745
2023-09-05,179.38535,6.2762675,68.1008,3.9164317
2023-09-06,173.84686,5.4107504,71.49658,2.8788216
2023-09-07,183.8663,8.340521,69.0807,4.816584
2023-09-08,193.45607,12.093813,61.377014,6.654766
2023-09-09,185.69354,6.282255,73.89601,3.2729468
2023-09-10,197.74706,10.284752,63.80348,5.5604925
2023-09-11,231.38522,18.5519,52.75206,8.747885
2023-09-12,209.68173,11.971627,67.14788,6.333457
2023-09-13,196.00406,9.7008705,75.010574,5.626654
2023-09-14,208.36156,12.624673,66.17886,6.34033
2023-09-15,212.8471,8.005011,69.961586,4.562376
2023-09-16,211.30373,7.2196846,72.49415,4.3607497
2023-09-17,204.43298,7.249547,72.31134,4.3148866
2023-09-18,196.73396,10.861952,66.040436,5.4003077
2023-09-19,187.13022,9.880549,64.55717,4.783207
2023-09-20,178.98502,5.9213,74.20722,3.689074
2023-09-21,170.4234,8.956678,63.109234,5.0839987
2023-09-22,172.6097,7.968122,72.41118,4.221793
2023-09-23,169.9026,6.4002385,77.132355,4.270329
2023-09-24,177.95903,8.722221,69.736496,5.629729
2023-09-25,176.86711,6.9597526,77.49623,4.7278914
2023-09-26,186.00357,6.0896916,77.91687,4.2367344
2023-09-27,189.98222,8.469536,74.115555,4.9319444
2023-09-28,188.96754,7.2102914,66.834526,4.9152827
2023-09-29,210.84738,12.569365,60.52706,6.5004954
2023-09-30,196.01991,10.050946,68.896545,6.3858557
2023-10-01,188.28267,8.310593,74.53366,4.8859367
2023-10-02,190.20984,14.010916,62.317574,6.7808475
2023-10-03,246.89948,13.094503,57.775345,6.6882987
2023-10-04,210.38345,13.042524,66.47493,6.3655987
2023-10-05,266.3871,18.327,60.671936,9.16004
2023-10-06,191.37077,9.998533,73.78582,4.7763715
2023-10-07,224.57957,9.506012,67.98188,4.151131
2023-10-08,197.33812,7.666056,69.48917,3.7264404
2023-10-09,204.08286,12.392622,59.09223,5.807834
2023-10-10,225.75122,17.958305,54.011875,8.190244
2023-10-11,228.53156,6.463214,67.97249,3.5248995
2023-10-12,199.00433,5.2409964,84.41703,3.3961182
2023-10-13,212.60338,8.363306,74.193794,4.5183005
2023-10-14,175.84964,6.480508,69.925385,3.5201397
2023-10-15,192.0946,6.0527887,75.92902,3.5037668
2023-10-16,204.97589,12.985945,66.8961,7.3447313
2023-10-17,214.83467,17.019035,53.238285,8.10959
2023-10-18,247.22455,27.376356,40.55357,10.828455
2023-10-19,210.0531,13.308129,61.76435,5.3646517
2023-10-20,195.28497,4.946837,90.85819,2.5403306
2023-10-21,196.04286,7.102986,84.831085,3.096973
2023-10-22,221.29762,18.087637,43.765026,6.9921513
2023-10-23,258.22055,26.397537,25.600805,10.916166
2023-10-24,201.846,10.506671,75.08604,4.4925356
2023-10-25,200.70906,7.9575014,71.447205,3.1847868
2023-10-26,206.81464,7.9638643,66.35588,3.477047
2023-10-27,218.129,12.405611,54.142,5.6021137
2023-10-28,228.2398,19.662445,33.61694,8.273589
2023-10-29,254.05856,31.023954,25.847424,11.076254
2023-10-30,241.80609,21.432228,31.349371,9.194537
2023-10-31,219.82365,15.784534,35.041992,6.2065578
2023-11-01,199.14627,15.892519,40.113293,6.60627
2023-11-02,203.28925,14.279974,54.381435,7.1486883
2023-11-03,221.97101,23.20735,39.64212,9.148507
2023-11-04,181.024,9.284393,52.808147,4.162661
2023-11-05,227.30147,23.488726,14.885365,10.024816
2023-11-06,200.83528,19.906082,33.791874,8.682432
2023-11-07,252.49223,30.675251,24.628952,13.519107
2023-11-08,209.11392,23.388847,42.951,10.205935
2023-11-09,247.81898,33.595737,27.506523,13.872622
2023-11-10,197.45134,15.709756,50.130756,6.986018
2023-11-11,198.4201,18.985043,39.55775,7.890883
2023-11-12,193.3011,13.941757,44.434204,5.885649
2023-11-13,198.61044,15.176364,42.925087,6.320097
2023-11-14,203.77762,23.836855,35.633385,9.528856
2023-11-15,188.8495,18.781483,50.90289,7.483943
2023-11-16,176.35008,14.330678,75.57436,5.8823137
2023-11-17,181.80096,11.309265,74.721344,5.4374514
2023-11-18,180.09224,11.006094,75.78824,6.0526237
2023-11-19,207.51804,20.931526,50.985268,8.058861
2023-11-20,189.51926,14.821818,64.24672,5.09566
2023-11-21,203.09322,17.956078,55.47389,6.2320404
2023-11-22,234.9415,19.23816,57.622253,6.895498
2023-11-23,217.6052,15.136899,59.55713,7.034083
2023-11-24,225.17273,20.372051,34.638386,8.234508
2023-11-25,252.61888,23.921856,21.436583,9.5199375
2023-11-26,258.25436,23.611708,18.643574,9.409012
2023-11-27,221.5385,15.631158,37.9312,6.0199537
2023-11-28,217.6346,16.62733,28.681484,7.8660755
2023-11-29,257.04572,22.02834,26.422297,9.421699
2023-11-30,207.28987,12.624796,43.122307,5.214197
2023-12-01,280.75336,26.65696,13.868839,12.6123085
2023-12-02,372.79886,36.20305,5.542693,15.228934
2023-12-03,372.92465,37.15208,2.781067,12.813454
2023-12-04,446.54596,44.920918,2.5698535,13.878607
2023-12-05,333.94077,34.013985,7.1046305,6.8298903
2023-12-06,276.44028,14.437559,18.512722,4.411514
2023-12-07,255.0243,10.045971,29.665003,2.1005173
2023-12-08,277.17004,33.800346,16.332617,3.3374043
2023-12-09,249.15804,22.264885,18.778322,4.895879
2023-12-10,247.61064,22.585728,13.56339,5.2192326
2023-12-11,217.71274,18.240297,16.046625,5.3635106
2023-12-12,204.31038,16.750519,18.915113,6.0865617
2023-12-13,208.33838,15.339944,22.440584,5.324551
2023-12-14,202.53607,16.474289,21.3736,5.554381
2023-12-15,239.1275,28.227753,8.644626,8.906032
2023-12-16,248.30563,27.217155,15.339466,8.447321
2023-12-17,175.00468,10.072833,72.43241,4.8920803
2023-12-18,182.23921,15.103883,48.646664,7.198395
2023-12-19,169.54681,8.884941,60.301193,5.020731
2023-12-20,171.94391,10.49003,73.45001,5.785862
2023-12-21,208.0359,24.649664,45.7012,9.183462
2023-12-22,183.21529,10.653891,56.291092,4.5842276
2023-12-23,201.81555,19.754402,33.705055,7.011739
2023-12-24,256.3847,37.351063,15.969005,10.952349
2023-12-25,207.79208,18.657421,31.474491,7.7698336
2023-12-26,258.2684,35.409462,13.294946,14.177217
2023-12-27,444.16992,57.09887,3.4362109,18.461031
2023-12-28,247.76797,36.053654,19.065449,12.369928
2023-12-29,210.15466,24.118322,33.640377,8.355675
2023-12-30,210.74904,22.133684,29.45589,6.6935596
2023-12-31,197.89888,13.122575,34.86998,5.3794312
